{"train_loss": 0.06571997702121735, "train_step": 99, "_timestamp": 1696658456.416624, "_runtime": 176.42677307128906, "_step": 2, "val_loss": 0.931598424911499}